{"cameraMode":{"drawMode":0,"name":"Shaded","section":"Shading Mode"},"sceneLighting":true,"audioPlay":false,"sceneViewState":{"m_AlwaysRefresh":false,"showFog":true,"showSkybox":false,"showFlares":true,"showImageEffects":true,"showParticleSystems":true,"showVisualEffectGraphs":true,"m_FxEnabled":true},"in2DMode":false,"pivot":{"x":-0.2170446813106537,"y":-0.07522702217102051,"z":-6.752612113952637},"rotation":{"x":0.4064948558807373,"y":0.43199214339256289,"z":-0.22737649083137513,"w":0.7722986340522766},"size":3.695067882537842,"orthographic":true}