{"cameraMode":{"drawMode":0,"name":"Shaded","section":"Shading Mode"},"sceneLighting":false,"audioPlay":false,"sceneViewState":{"m_AlwaysRefresh":false,"showFog":true,"showSkybox":false,"showFlares":true,"showImageEffects":true,"showParticleSystems":true,"showVisualEffectGraphs":true,"m_FxEnabled":true},"in2DMode":false,"pivot":{"x":-0.22346200048923493,"y":-2.025224447250366,"z":-13.46670150756836},"rotation":{"x":-0.028936870396137239,"y":0.9710226655006409,"z":-0.16318602859973908,"w":-0.17218603193759919},"size":5.614022254943848,"orthographic":true}